,f1,precision,recall,auroc
ts_,0.8395147193464275,0.7239102945051634,0.9990726264181446,0.7198705674774679
mean_,0.846674692154695,0.8057620742958915,0.8919752994652748,0.8118046029568664
max_,0.8367034401172305,0.7197924335078396,0.9989711831381566,0.7301995558168398
mean_bp,0.14680511927353504,0.999999870129887,0.07921810618088368,0.8118046029568664
