,f1,precision,recall,auroc
ts_,0.8311635156623873,0.7112862474908136,0.9996525423446424,0.6057527033018455
mean_,0.8287344056082503,0.7081081026400918,0.998910664499884,0.5924312111675947
max_,0.8287344056082503,0.7081081026400918,0.998910664499884,0.5500916415949095
mean_bp,0.14545319376809832,0.9999998611111304,0.07843137169464737,0.5924312111675947
