,f1,precision,recall,auroc
ts_,0.918788232810383,0.8509605116987493,0.9983769062093271,0.7101270186126576
mean_,0.9183725896774937,0.8498609745147269,0.9989106644998839,0.7578404475644853
max_,0.9178306943012086,0.8497216989821735,0.9978213398930138,0.7006912504370747
