,f1,precision,recall,auroc
ts_,0.8307967291969153,0.716081214215172,0.9892919388900552,0.7143096630010028
mean_,0.8287344056082503,0.7081081026400918,0.998910664499884,0.7830428467683369
max_,0.8287344056082503,0.7081081026400918,0.998910664499884,0.7274930548351028
mean_bp,0.16031916339027735,0.9999998750000156,0.08714596854960818,0.7830428467683369
